Erick Roberson,383 Thunder Robin Woods,Sublimity City,KY,78177,763-554-1385
Wayne Garrison,658 Stony Bear Path,Poverty Hill,SC,33847,882-522-2103
Eduardo Cannon,203 Dewy Fox Pike,Romulus,AL,99940,457-123-4082
Douglas Pennington,510 Round Forest Pike,Hurricane,MO,66342,543-598-9506
Don Rojas,966 Crystal Shadow Bend,Minnehaha,AZ,17327,693-430-3810
Gerald Hoffman,645 Green Berry Canyon,Faceville,GA,14549,637-550-5368
Jordan Preston,758 Cinder Rise Highlands,Norway,Pennsylvania,41760,624-343-4734
Vera Curry,898 Tawny Shadow Terrace,Delaware,LA,10540,635-937-0154
Adela Blevins,466 Iron Leaf Canyon,Cairo,Florida,37575,610-380-2477
Charlene Potter,835 Shady Zephyr Court,Shiawasseetown,MI,58460,310-898-0420
Dana Delaney,153 Heather Quail Way,Yellville,AR,32466,854-971-7691
Anastasia Austin,583 Red Pine Stead,Put-in-Bay,OH,91073,785-958-6499
Catalina Mcdowell,855 Rustic Hickory Landing,Cleveland,MN,96139,613-575-5557
Edna Brooks,73 Dusty Brook View,Pocahontas,PA,18346,191-507-4908
Andrea Freeman,934 Heather Zephyr Ridge,Neverstill,OR,77407,149-197-8242
